Name,Input,Iterations per Second,Standard Deviation Iterations Per Second,Run Time Average,Run Time Median,Run Time Minimum,Run Time Maximum,Run Time Standard Deviation,Run Time Standard Deviation Ratio,Run Time Sample Size,Memory Usage Average,Memory Usage Median,Memory Usage Minimum,Memory Usage Maximum,Memory Usage Standard Deviation,Memory Usage Standard Deviation Ratio,Memory Usage Sample Size
map.flatten,large list,2.1463416062248757,0.6423396131042463,465909059.90909094,483999969.0,187999969.0,702999969.0,139433464.09341952,0.29927184528376854,11,79999808.0,79999808.0,79999808,79999808,0,0.0,1
flat_map,large list,1.7667845490641714,0.7448049338562416,565999969.0,561999969.0,140999969.0,827999969.0,238602703.2537561,0.4215595694736798,9,63999872.0,63999872.0,63999872,63999872,0,0.0,1
flat_map,medium list,623.8761950520133,155.0663768360124,1602882.1229773462,1599969.0,0,4599969.0,398401.3579562698,0.24855312330531276,309,6.4e5,6.4e5,640000,640000,0.0,0.0,167
map.flatten,medium list,595.7042990192147,166.92713333858387,1678685.2162162163,1599969.0,1499969.0,6299969.0,470398.00011883973,0.2802181109208339,296,8.0e5,8.0e5,800000,800000,0.0,0.0,174
flat_map,small list,67954.87876708475,17659.558835173237,14715.646884272997,15969.0,0,30969.0,3824.1821141519954,0.2598718319504527,337,6.4e3,6.4e3,6400,6400,0.0,0.0,5772
map.flatten,small list,63899.816861407795,192361.87145462653,15649.497120921305,0.0,0,309969.0,47110.72271198196,3.010366553504212,3126,8.0e3,8.0e3,8000,8000,0.0,0.0,7728
